region_id,season,lead_time_hours,regime,regime_index,ecmwf_ifs_weight,ecmwf_aifs_weight,ncep_gfs_weight,dwd_icon_weight,ecmwf_ifs_predicted_error,ecmwf_aifs_predicted_error,ncep_gfs_predicted_error,dwd_icon_predicted_error,weights_sum,n_rows,scope,variable
bengaluru_deccan,monsoon,24,Monsoonal Break,1,28,26,17,29,1.0724,1.1054,1.3471,1.043,100,360,full_dataset_all_splits,temperature
bengaluru_deccan,monsoon,48,Monsoonal Break,1,27,26,17,30,1.072,1.09,1.3338,1.0154,100,360,full_dataset_all_splits,temperature
bengaluru_deccan,monsoon,72,Monsoonal Break,1,26,26,18,30,1.0853,1.0833,1.3052,1.0052,100,360,full_dataset_all_splits,temperature
bengaluru_deccan,monsoon,120,Monsoonal Break,1,27,26,18,29,1.0697,1.0976,1.3095,1.0476,100,360,full_dataset_all_splits,temperature
bengaluru_deccan,post_monsoon,24,Monsoonal Break,1,30,26,15,29,1.0646,1.1325,1.5301,1.0826,100,192,full_dataset_all_splits,temperature
bengaluru_deccan,post_monsoon,48,Monsoonal Break,1,29,26,16,29,1.0608,1.1073,1.4231,1.0502,100,192,full_dataset_all_splits,temperature
bengaluru_deccan,post_monsoon,72,Monsoonal Break,1,29,27,15,29,1.0841,1.116,1.4837,1.0706,100,192,full_dataset_all_splits,temperature
bengaluru_deccan,post_monsoon,120,Monsoonal Break,1,32,26,14,28,1.0338,1.1301,1.5334,1.1076,100,192,full_dataset_all_splits,temperature
bengaluru_deccan,pre_monsoon,24,Monsoonal Break,1,31,32,11,26,1.0434,1.0332,1.7478,1.1578,100,61,full_dataset_all_splits,temperature
bengaluru_deccan,pre_monsoon,24,Pre-Monsoon Convective,3,25,45,9,21,1.2812,0.945,2.0736,1.3733,100,54,full_dataset_all_splits,temperature
bengaluru_deccan,pre_monsoon,48,Monsoonal Break,1,32,31,10,27,1.093,1.1147,1.9081,1.1807,100,103,full_dataset_all_splits,temperature
bengaluru_deccan,pre_monsoon,48,Pre-Monsoon Convective,3,24,45,10,21,1.3629,0.9928,2.1334,1.4437,100,89,full_dataset_all_splits,temperature
bengaluru_deccan,pre_monsoon,72,Monsoonal Break,1,33,32,9,26,1.1521,1.1601,2.1884,1.2842,100,58,full_dataset_all_splits,temperature
bengaluru_deccan,pre_monsoon,72,Pre-Monsoon Convective,3,23,46,9,22,1.3869,0.9841,2.211,1.4369,100,57,full_dataset_all_splits,temperature
bengaluru_deccan,pre_monsoon,120,Monsoonal Break,1,30,30,12,28,1.1177,1.1118,1.7194,1.1449,100,51,full_dataset_all_splits,temperature
bengaluru_deccan,pre_monsoon,120,Pre-Monsoon Convective,3,25,42,10,23,1.4911,1.1574,2.3337,1.5777,100,58,full_dataset_all_splits,temperature
bengaluru_deccan,winter,24,Pre-Monsoon Convective,3,27,31,16,26,1.2082,1.1138,1.571,1.2281,100,192,full_dataset_all_splits,temperature
bengaluru_deccan,winter,48,Pre-Monsoon Convective,3,24,32,16,28,1.2526,1.0988,1.5721,1.1658,100,192,full_dataset_all_splits,temperature
bengaluru_deccan,winter,72,Pre-Monsoon Convective,3,24,33,15,28,1.308,1.1178,1.6222,1.2134,100,192,full_dataset_all_splits,temperature
bengaluru_deccan,winter,120,Pre-Monsoon Convective,3,24,30,17,29,1.3853,1.2166,1.6162,1.2577,100,192,full_dataset_all_splits,temperature
delhi_ncr,monsoon,24,Monsoonal Active Surge,0,31,33,10,26,0.9895,0.9638,1.7257,1.0819,100,16,full_dataset_all_splits,temperature
delhi_ncr,monsoon,24,Monsoonal Break,1,28,43,2,27,1.4755,1.1896,5.887,1.4787,100,344,full_dataset_all_splits,temperature
delhi_ncr,monsoon,48,Monsoonal Active Surge,0,29,39,3,29,1.2296,1.0532,3.8222,1.2196,100,4,full_dataset_all_splits,temperature
delhi_ncr,monsoon,48,Monsoonal Break,1,24,47,2,27,1.6058,1.1562,6.1383,1.5415,100,356,full_dataset_all_splits,temperature
delhi_ncr,monsoon,72,Monsoonal Active Surge,0,23,46,1,30,1.5548,1.0982,6.7142,1.3521,100,20,full_dataset_all_splits,temperature
delhi_ncr,monsoon,72,Monsoonal Break,1,22,49,2,27,1.7058,1.1364,6.0366,1.5194,100,340,full_dataset_all_splits,temperature
delhi_ncr,monsoon,120,Monsoonal Active Surge,0,24,47,3,26,1.4447,1.0358,4.2566,1.3754,100,9,full_dataset_all_splits,temperature
delhi_ncr,monsoon,120,Monsoonal Break,1,20,56,2,22,1.8449,1.118,6.3284,1.7734,100,351,full_dataset_all_splits,temperature
delhi_ncr,post_monsoon,24,Monsoonal Break,1,30,41,6,23,1.1107,0.9384,2.396,1.255,100,192,full_dataset_all_splits,temperature
delhi_ncr,post_monsoon,48,Monsoonal Active Surge,0,24,24,20,32,1.1081,1.0925,1.1945,0.9578,100,2,full_dataset_all_splits,temperature
delhi_ncr,post_monsoon,48,Monsoonal Break,1,27,45,5,23,1.2773,0.9765,2.9156,1.3826,100,190,full_dataset_all_splits,temperature
delhi_ncr,post_monsoon,72,Monsoonal Active Surge,0,28,40,3,29,1.4472,1.2281,4.3532,1.4421,100,3,full_dataset_all_splits,temperature
delhi_ncr,post_monsoon,72,Monsoonal Break,1,25,49,3,23,1.3846,0.9859,3.665,1.4497,100,189,full_dataset_all_splits,temperature
delhi_ncr,post_monsoon,120,Monsoonal Active Surge,0,32,43,3,22,1.4138,1.2305,4.9333,1.6929,100,3,full_dataset_all_splits,temperature
delhi_ncr,post_monsoon,120,Monsoonal Break,1,25,53,3,19,1.4667,1.0156,4.6548,1.6872,100,189,full_dataset_all_splits,temperature
delhi_ncr,pre_monsoon,24,Monsoonal Break,1,28,46,2,24,1.6292,1.2661,6.2462,1.7784,100,46,full_dataset_all_splits,temperature
delhi_ncr,pre_monsoon,24,Pre-Monsoon Convective,3,39,27,5,29,1.2964,1.5468,3.6474,1.5188,100,69,full_dataset_all_splits,temperature
delhi_ncr,pre_monsoon,48,Monsoonal Break,1,29,42,2,27,1.7068,1.4252,5.9,1.7708,100,99,full_dataset_all_splits,temperature
delhi_ncr,pre_monsoon,48,Pre-Monsoon Convective,3,35,30,5,30,1.4535,1.5635,3.6676,1.5686,100,93,full_dataset_all_splits,temperature
delhi_ncr,pre_monsoon,72,Monsoonal Break,1,26,48,2,24,1.7373,1.2712,6.3541,1.8026,100,44,full_dataset_all_splits,temperature
delhi_ncr,pre_monsoon,72,Pre-Monsoon Convective,3,31,32,5,32,1.5906,1.5777,3.9905,1.5646,100,71,full_dataset_all_splits,temperature
delhi_ncr,pre_monsoon,120,Monsoonal Break,1,31,42,2,25,1.7644,1.525,6.3298,1.9723,100,40,full_dataset_all_splits,temperature
delhi_ncr,pre_monsoon,120,Pre-Monsoon Convective,3,29,28,5,38,1.8661,1.8877,4.449,1.6235,100,69,full_dataset_all_splits,temperature
delhi_ncr,winter,24,Pre-Monsoon Convective,3,34,29,6,31,1.536,1.6746,3.7762,1.6021,100,7,full_dataset_all_splits,temperature
delhi_ncr,winter,24,Western Disturbance,2,33,35,2,30,1.4439,1.4207,5.5661,1.5353,100,185,full_dataset_all_splits,temperature
delhi_ncr,winter,48,Pre-Monsoon Convective,3,33,29,6,32,1.609,1.6999,3.7145,1.6358,100,8,full_dataset_all_splits,temperature
delhi_ncr,winter,48,Western Disturbance,2,33,36,2,29,1.5392,1.4646,5.7362,1.6557,100,184,full_dataset_all_splits,temperature
delhi_ncr,winter,72,Pre-Monsoon Convective,3,36,27,5,32,1.7239,1.9987,4.5031,1.8162,100,7,full_dataset_all_splits,temperature
delhi_ncr,winter,72,Western Disturbance,2,30,37,3,30,1.6521,1.4894,5.8847,1.6506,100,185,full_dataset_all_splits,temperature
delhi_ncr,winter,120,Pre-Monsoon Convective,3,30,33,5,32,1.9453,1.8458,4.7469,1.8574,100,5,full_dataset_all_splits,temperature
delhi_ncr,winter,120,Western Disturbance,2,32,39,3,26,1.8402,1.6538,5.8925,2.0422,100,187,full_dataset_all_splits,temperature
mumbai_coastal,monsoon,24,Monsoonal Active Surge,0,12,56,9,23,0.8153,0.3761,0.9135,0.5798,100,169,full_dataset_all_splits,temperature
mumbai_coastal,monsoon,24,Monsoonal Break,1,19,60,6,15,0.7831,0.4406,1.3329,0.8734,100,191,full_dataset_all_splits,temperature
mumbai_coastal,monsoon,48,Monsoonal Active Surge,0,12,56,9,23,0.8395,0.3816,0.961,0.5991,100,140,full_dataset_all_splits,temperature
mumbai_coastal,monsoon,48,Monsoonal Break,1,18,61,6,15,0.7864,0.4277,1.2959,0.8638,100,220,full_dataset_all_splits,temperature
mumbai_coastal,monsoon,72,Monsoonal Active Surge,0,13,55,9,23,0.8024,0.3837,0.9393,0.6012,100,148,full_dataset_all_splits,temperature
mumbai_coastal,monsoon,72,Monsoonal Break,1,19,60,6,15,0.7874,0.4413,1.3574,0.8845,100,212,full_dataset_all_splits,temperature
mumbai_coastal,monsoon,120,Monsoonal Active Surge,0,14,55,10,21,0.8256,0.4179,0.9992,0.6807,100,124,full_dataset_all_splits,temperature
mumbai_coastal,monsoon,120,Monsoonal Break,1,21,57,7,15,0.766,0.461,1.2727,0.894,100,236,full_dataset_all_splits,temperature
mumbai_coastal,post_monsoon,24,Monsoonal Break,1,15,66,5,14,0.8458,0.4052,1.4774,0.8993,100,192,full_dataset_all_splits,temperature
mumbai_coastal,post_monsoon,48,Monsoonal Break,1,13,67,6,14,0.8269,0.3691,1.2724,0.8038,100,192,full_dataset_all_splits,temperature
mumbai_coastal,post_monsoon,72,Monsoonal Break,1,14,65,6,15,0.8238,0.3833,1.2713,0.8078,100,192,full_dataset_all_splits,temperature
mumbai_coastal,post_monsoon,120,Monsoonal Break,1,18,61,6,15,0.7692,0.4226,1.3094,0.8451,100,192,full_dataset_all_splits,temperature
mumbai_coastal,pre_monsoon,24,Monsoonal Break,1,37,42,6,15,1.0833,1.0277,2.7686,1.711,100,61,full_dataset_all_splits,temperature
mumbai_coastal,pre_monsoon,24,Pre-Monsoon Convective,3,38,40,10,12,1.5162,1.4628,2.8726,2.7414,100,54,full_dataset_all_splits,temperature
mumbai_coastal,pre_monsoon,48,Monsoonal Break,1,38,38,6,18,1.0195,1.0283,2.5226,1.5048,100,103,full_dataset_all_splits,temperature
mumbai_coastal,pre_monsoon,48,Pre-Monsoon Convective,3,37,34,16,13,1.6935,1.7811,2.5804,2.8948,100,89,full_dataset_all_splits,temperature
mumbai_coastal,pre_monsoon,72,Monsoonal Break,1,37,38,7,18,1.0166,1.0093,2.4448,1.4465,100,63,full_dataset_all_splits,temperature
mumbai_coastal,pre_monsoon,72,Pre-Monsoon Convective,3,33,42,13,12,1.6867,1.4808,2.6784,2.8118,100,52,full_dataset_all_splits,temperature
mumbai_coastal,pre_monsoon,120,Monsoonal Break,1,40,32,8,20,1.0109,1.1277,2.3099,1.4269,100,53,full_dataset_all_splits,temperature
mumbai_coastal,pre_monsoon,120,Pre-Monsoon Convective,3,29,38,18,15,2.1276,1.8534,2.6872,2.9375,100,56,full_dataset_all_splits,temperature
mumbai_coastal,winter,24,Pre-Monsoon Convective,3,44,37,10,9,1.1076,1.2091,2.2613,2.4247,100,192,full_dataset_all_splits,temperature
mumbai_coastal,winter,48,Pre-Monsoon Convective,3,42,38,11,9,1.1552,1.2035,2.2923,2.4673,100,192,full_dataset_all_splits,temperature
mumbai_coastal,winter,72,Pre-Monsoon Convective,3,38,42,11,9,1.2441,1.1949,2.3606,2.5657,100,192,full_dataset_all_splits,temperature
mumbai_coastal,winter,120,Pre-Monsoon Convective,3,40,37,13,10,1.3619,1.4007,2.392,2.6634,100,192,full_dataset_all_splits,temperature
odisha_coast,monsoon,24,Monsoonal Active Surge,0,25,48,6,21,0.9268,0.6667,1.8578,1.0243,100,27,full_dataset_all_splits,temperature
odisha_coast,monsoon,24,Monsoonal Break,1,22,46,9,23,1.0244,0.7038,1.5444,0.9935,100,333,full_dataset_all_splits,temperature
odisha_coast,monsoon,48,Monsoonal Active Surge,0,26,49,4,21,1.0284,0.7511,2.4286,1.1508,100,15,full_dataset_all_splits,temperature
odisha_coast,monsoon,48,Monsoonal Break,1,20,49,9,22,1.0965,0.7106,1.6702,1.0498,100,345,full_dataset_all_splits,temperature
odisha_coast,monsoon,72,Monsoonal Active Surge,0,23,53,6,18,0.9371,0.6218,1.8242,1.052,100,30,full_dataset_all_splits,temperature
odisha_coast,monsoon,72,Monsoonal Break,1,20,50,8,22,1.1973,0.7557,1.935,1.1539,100,330,full_dataset_all_splits,temperature
odisha_coast,monsoon,120,Monsoonal Active Surge,0,25,54,6,15,0.9679,0.6611,1.9465,1.2336,100,24,full_dataset_all_splits,temperature
odisha_coast,monsoon,120,Monsoonal Break,1,22,50,9,19,1.1736,0.7872,1.9046,1.2869,100,336,full_dataset_all_splits,temperature
odisha_coast,post_monsoon,24,Monsoonal Active Surge,0,49,29,7,15,1.109,1.4495,2.8927,1.9657,100,1,full_dataset_all_splits,temperature
odisha_coast,post_monsoon,24,Monsoonal Break,1,25,42,13,20,0.9798,0.7578,1.3628,1.1131,100,189,full_dataset_all_splits,temperature
odisha_coast,post_monsoon,24,Post-Monsoon Depression,5,42,33,12,13,1.0237,1.1622,1.9055,1.8216,100,2,full_dataset_all_splits,temperature
odisha_coast,post_monsoon,48,Monsoonal Break,1,26,43,12,19,0.9781,0.7618,1.4774,1.1421,100,192,full_dataset_all_splits,temperature
odisha_coast,post_monsoon,72,Monsoonal Break,1,23,47,11,19,1.0714,0.7501,1.5452,1.1862,100,191,full_dataset_all_splits,temperature
odisha_coast,post_monsoon,72,Post-Monsoon Depression,5,19,45,13,23,1.7454,1.1323,2.0909,1.6044,100,1,full_dataset_all_splits,temperature
odisha_coast,post_monsoon,120,Monsoonal Break,1,26,46,11,17,1.037,0.775,1.5651,1.2589,100,192,full_dataset_all_splits,temperature
odisha_coast,pre_monsoon,24,Monsoonal Break,1,19,55,10,16,1.0816,0.6366,1.4438,1.186,100,67,full_dataset_all_splits,temperature
odisha_coast,pre_monsoon,24,Pre-Monsoon Convective,3,28,50,11,11,1.5171,1.147,2.4555,2.3941,100,48,full_dataset_all_splits,temperature
odisha_coast,pre_monsoon,48,Monsoonal Break,1,18,54,11,17,1.1346,0.6585,1.4669,1.1887,100,114,full_dataset_all_splits,temperature
odisha_coast,pre_monsoon,48,Pre-Monsoon Convective,3,28,49,11,12,1.5928,1.199,2.5253,2.4132,100,78,full_dataset_all_splits,temperature
odisha_coast,pre_monsoon,72,Monsoonal Break,1,18,54,11,17,1.0992,0.6402,1.4096,1.1544,100,69,full_dataset_all_splits,temperature
odisha_coast,pre_monsoon,72,Pre-Monsoon Convective,3,26,51,12,11,1.6135,1.1417,2.4112,2.4592,100,46,full_dataset_all_splits,temperature
odisha_coast,pre_monsoon,120,Monsoonal Break,1,22,46,13,19,1.0973,0.7512,1.4093,1.1621,100,64,full_dataset_all_splits,temperature
odisha_coast,pre_monsoon,120,Pre-Monsoon Convective,3,27,49,12,12,1.6986,1.2543,2.5249,2.4719,100,45,full_dataset_all_splits,temperature
odisha_coast,winter,24,Pre-Monsoon Convective,3,16,47,19,18,1.9954,1.184,1.8758,1.8985,100,192,full_dataset_all_splits,temperature
odisha_coast,winter,48,Pre-Monsoon Convective,3,16,48,17,19,2.077,1.1973,2.0201,1.9359,100,192,full_dataset_all_splits,temperature
odisha_coast,winter,72,Pre-Monsoon Convective,3,16,49,16,19,2.1105,1.1988,2.0546,1.9092,100,192,full_dataset_all_splits,temperature
odisha_coast,winter,120,Pre-Monsoon Convective,3,18,44,17,21,2.0303,1.3024,2.1334,1.8794,100,192,full_dataset_all_splits,temperature
rajasthan_thar,monsoon,24,Monsoonal Active Surge,0,31,33,14,22,1.5572,1.515,2.303,1.8261,100,1,full_dataset_all_splits,temperature
rajasthan_thar,monsoon,24,Monsoonal Break,1,29,29,18,24,1.1878,1.2025,1.5004,1.3061,100,359,full_dataset_all_splits,temperature
rajasthan_thar,monsoon,48,Monsoonal Break,1,25,32,19,24,1.3781,1.222,1.6084,1.4292,100,360,full_dataset_all_splits,temperature
rajasthan_thar,monsoon,72,Monsoonal Active Surge,0,22,40,12,26,2.1319,1.5957,2.8657,1.952,100,1,full_dataset_all_splits,temperature
rajasthan_thar,monsoon,72,Monsoonal Break,1,23,34,19,24,1.4989,1.2424,1.6512,1.4614,100,359,full_dataset_all_splits,temperature
rajasthan_thar,monsoon,120,Monsoonal Break,1,23,37,19,21,1.6291,1.2894,1.767,1.703,100,360,full_dataset_all_splits,temperature
rajasthan_thar,post_monsoon,24,Monsoonal Break,1,27,28,24,21,1.0169,1.0163,1.0905,1.1514,100,192,full_dataset_all_splits,temperature
rajasthan_thar,post_monsoon,48,Monsoonal Break,1,26,28,26,20,1.0636,1.0202,1.0616,1.2186,100,192,full_dataset_all_splits,temperature
rajasthan_thar,post_monsoon,72,Monsoonal Break,1,25,29,26,20,1.1124,1.0281,1.094,1.2324,100,192,full_dataset_all_splits,temperature
rajasthan_thar,post_monsoon,120,Monsoonal Break,1,27,31,24,18,1.1092,1.0319,1.1561,1.3576,100,192,full_dataset_all_splits,temperature
rajasthan_thar,pre_monsoon,24,Monsoonal Break,1,33,29,17,21,1.2937,1.3962,1.8206,1.6318,100,39,full_dataset_all_splits,temperature
rajasthan_thar,pre_monsoon,24,Pre-Monsoon Convective,3,38,20,19,23,1.1535,1.6029,1.6362,1.4743,100,75,full_dataset_all_splits,temperature
rajasthan_thar,pre_monsoon,24,Subtropical Heatwave,4,43,10,11,36,0.7171,1.4898,1.4137,0.7862,100,1,full_dataset_all_splits,temperature
rajasthan_thar,pre_monsoon,48,Monsoonal Break,1,33,27,17,23,1.3988,1.55,1.9746,1.6873,100,82,full_dataset_all_splits,temperature
rajasthan_thar,pre_monsoon,48,Pre-Monsoon Convective,3,34,21,22,23,1.2754,1.592,1.5917,1.5523,100,110,full_dataset_all_splits,temperature
rajasthan_thar,pre_monsoon,72,Monsoonal Break,1,31,29,18,22,1.3828,1.4184,1.8272,1.6546,100,41,full_dataset_all_splits,temperature
rajasthan_thar,pre_monsoon,72,Pre-Monsoon Convective,3,32,21,21,26,1.3086,1.5861,1.6047,1.4307,100,74,full_dataset_all_splits,temperature
rajasthan_thar,pre_monsoon,120,Monsoonal Break,1,34,27,18,21,1.4265,1.575,1.9553,1.8203,100,35,full_dataset_all_splits,temperature
rajasthan_thar,pre_monsoon,120,Pre-Monsoon Convective,3,30,18,23,29,1.5137,1.9472,1.7442,1.5525,100,71,full_dataset_all_splits,temperature
rajasthan_thar,pre_monsoon,120,Subtropical Heatwave,4,24,15,20,41,1.1909,1.5244,1.3156,0.9246,100,3,full_dataset_all_splits,temperature
rajasthan_thar,winter,24,Pre-Monsoon Convective,3,26,23,23,28,1.5572,1.6719,1.6432,1.496,100,60,full_dataset_all_splits,temperature
rajasthan_thar,winter,24,Western Disturbance,2,38,21,10,31,1.2042,1.6213,2.3318,1.3453,100,132,full_dataset_all_splits,temperature
rajasthan_thar,winter,48,Pre-Monsoon Convective,3,25,24,23,28,1.6492,1.6689,1.7126,1.5534,100,56,full_dataset_all_splits,temperature
rajasthan_thar,winter,48,Western Disturbance,2,35,23,10,32,1.3037,1.6187,2.4462,1.3782,100,136,full_dataset_all_splits,temperature
rajasthan_thar,winter,72,Pre-Monsoon Convective,3,25,26,22,27,1.7006,1.6769,1.8266,1.642,100,56,full_dataset_all_splits,temperature
rajasthan_thar,winter,72,Western Disturbance,2,34,24,10,32,1.3604,1.6241,2.5024,1.396,100,136,full_dataset_all_splits,temperature
rajasthan_thar,winter,120,Pre-Monsoon Convective,3,21,24,25,30,1.8353,1.7358,1.7153,1.5589,100,61,full_dataset_all_splits,temperature
rajasthan_thar,winter,120,Western Disturbance,2,36,24,12,28,1.4513,1.7535,2.4616,1.6334,100,131,full_dataset_all_splits,temperature
western_ghats,monsoon,24,Monsoonal Active Surge,0,30,19,10,41,0.822,1.0235,1.4308,0.7029,100,119,full_dataset_all_splits,temperature
western_ghats,monsoon,24,Monsoonal Break,1,30,28,10,32,1.027,1.062,1.8117,0.9981,100,241,full_dataset_all_splits,temperature
western_ghats,monsoon,48,Monsoonal Active Surge,0,30,19,10,41,0.8181,1.0249,1.372,0.6959,100,103,full_dataset_all_splits,temperature
western_ghats,monsoon,48,Monsoonal Break,1,30,29,10,31,1.0458,1.0626,1.7824,1.0228,100,257,full_dataset_all_splits,temperature
western_ghats,monsoon,72,Monsoonal Active Surge,0,30,19,12,39,0.8019,1.0261,1.279,0.7123,100,100,full_dataset_all_splits,temperature
western_ghats,monsoon,72,Monsoonal Break,1,30,29,10,31,1.0573,1.0664,1.7772,1.0321,100,260,full_dataset_all_splits,temperature
western_ghats,monsoon,120,Monsoonal Active Surge,0,33,21,11,35,0.837,1.0334,1.4515,0.8022,100,119,full_dataset_all_splits,temperature
western_ghats,monsoon,120,Monsoonal Break,1,35,31,10,24,1.0331,1.0928,1.8842,1.2306,100,241,full_dataset_all_splits,temperature
western_ghats,post_monsoon,24,Monsoonal Break,1,30,31,9,30,1.0671,1.0461,1.9917,1.0562,100,192,full_dataset_all_splits,temperature
western_ghats,post_monsoon,48,Monsoonal Break,1,30,31,9,30,1.0858,1.0715,2.0345,1.1002,100,192,full_dataset_all_splits,temperature
western_ghats,post_monsoon,72,Monsoonal Break,1,30,31,9,30,1.0936,1.0768,2.0486,1.1018,100,192,full_dataset_all_splits,temperature
western_ghats,post_monsoon,120,Monsoonal Break,1,35,33,9,23,1.0519,1.0956,2.0939,1.3005,100,192,full_dataset_all_splits,temperature
western_ghats,pre_monsoon,24,Monsoonal Break,1,41,15,22,22,1.3339,2.1884,1.8516,1.8132,100,81,full_dataset_all_splits,temperature
western_ghats,pre_monsoon,24,Pre-Monsoon Convective,3,52,30,10,8,1.2625,1.6566,2.833,3.3538,100,34,full_dataset_all_splits,temperature
western_ghats,pre_monsoon,48,Monsoonal Break,1,41,15,23,21,1.4264,2.3373,1.9235,2.0126,100,137,full_dataset_all_splits,temperature
western_ghats,pre_monsoon,48,Pre-Monsoon Convective,3,49,31,13,7,1.3244,1.6706,2.5473,3.6382,100,55,full_dataset_all_splits,temperature
western_ghats,pre_monsoon,72,Monsoonal Break,1,40,16,21,23,1.4068,2.2272,1.92,1.8606,100,80,full_dataset_all_splits,temperature
western_ghats,pre_monsoon,72,Pre-Monsoon Convective,3,47,32,12,9,1.3756,1.6613,2.7241,3.1902,100,35,full_dataset_all_splits,temperature
western_ghats,pre_monsoon,120,Monsoonal Break,1,39,14,23,24,1.4878,2.4947,1.9579,1.926,100,72,full_dataset_all_splits,temperature
western_ghats,pre_monsoon,120,Pre-Monsoon Convective,3,42,33,15,10,1.4605,1.646,2.452,3.0467,100,37,full_dataset_all_splits,temperature
western_ghats,winter,24,Pre-Monsoon Convective,3,41,30,25,4,1.4618,1.7117,1.871,4.5428,100,192,full_dataset_all_splits,temperature
western_ghats,winter,48,Pre-Monsoon Convective,3,39,31,26,4,1.5333,1.7052,1.8665,4.5015,100,192,full_dataset_all_splits,temperature
western_ghats,winter,72,Pre-Monsoon Convective,3,36,32,28,4,1.6055,1.7056,1.8027,4.6436,100,192,full_dataset_all_splits,temperature
western_ghats,winter,120,Pre-Monsoon Convective,3,34,29,32,5,1.7134,1.8637,1.7508,4.4648,100,192,full_dataset_all_splits,temperature
