season,system,scope,n,rmse,mae,bias,pearson_r
monsoon,ecmwf_ifs,full_dataset_all_splits,8640,2.519,0.776,-0.314,0.61
monsoon,ecmwf_aifs,full_dataset_all_splits,8640,2.361,0.739,-0.122,0.676
monsoon,ncep_gfs,full_dataset_all_splits,8640,3.114,0.927,-0.444,0.439
monsoon,dwd_icon,full_dataset_all_splits,8640,2.961,0.981,-0.411,0.396
monsoon,equal_blend,full_dataset_all_splits,8640,2.478,0.742,-0.323,0.635
monsoon,static_inverse_rmse_blend,full_dataset_all_splits,8640,2.441,0.727,-0.296,0.656
monsoon,varuna_adaptive,full_dataset_all_splits,8640,2.375,0.647,-0.406,0.7
post_monsoon,ecmwf_ifs,full_dataset_all_splits,4608,0.421,0.169,0.101,0.391
post_monsoon,ecmwf_aifs,full_dataset_all_splits,4608,0.444,0.189,0.133,0.332
post_monsoon,ncep_gfs,full_dataset_all_splits,4608,0.32,0.125,-0.024,0.233
post_monsoon,dwd_icon,full_dataset_all_splits,4608,0.335,0.132,-0.017,0.287
post_monsoon,equal_blend,full_dataset_all_splits,4608,0.28,0.128,0.048,0.449
post_monsoon,static_inverse_rmse_blend,full_dataset_all_splits,4608,0.295,0.136,0.064,0.446
post_monsoon,varuna_adaptive,full_dataset_all_splits,4608,0.266,0.104,-0.005,0.428
pre_monsoon,ecmwf_ifs,full_dataset_all_splits,3618,0.047,0.002,-0.001,0.356
pre_monsoon,ecmwf_aifs,full_dataset_all_splits,3618,0.04,0.005,0.002,0.304
pre_monsoon,ncep_gfs,full_dataset_all_splits,3618,0.044,0.003,-0.001,0.081
pre_monsoon,dwd_icon,full_dataset_all_splits,3618,0.041,0.003,-0.001,0.071
pre_monsoon,equal_blend,full_dataset_all_splits,3618,0.036,0.003,-0.0,0.405
pre_monsoon,static_inverse_rmse_blend,full_dataset_all_splits,3618,0.036,0.003,-0.0,0.419
pre_monsoon,varuna_adaptive,full_dataset_all_splits,3618,0.037,0.002,-0.001,0.479
winter,ecmwf_ifs,full_dataset_all_splits,4608,0.116,0.013,-0.003,0.018
winter,ecmwf_aifs,full_dataset_all_splits,4608,0.107,0.011,-0.004,0.21
winter,ncep_gfs,full_dataset_all_splits,4608,0.135,0.014,-0.004,-0.003
winter,dwd_icon,full_dataset_all_splits,4608,0.118,0.011,-0.007,0.027
winter,equal_blend,full_dataset_all_splits,4608,0.111,0.012,-0.004,0.061
winter,static_inverse_rmse_blend,full_dataset_all_splits,4608,0.11,0.012,-0.004,0.082
winter,varuna_adaptive,full_dataset_all_splits,4608,0.109,0.01,-0.007,0.086
