region_id,system,scope,n,rmse,mae,bias,pearson_r
bengaluru_deccan,ecmwf_ifs,full_dataset_all_splits,3579,0.224,0.069,-0.001,0.217
bengaluru_deccan,ecmwf_aifs,full_dataset_all_splits,3579,0.182,0.053,-0.004,0.408
bengaluru_deccan,ncep_gfs,full_dataset_all_splits,3579,0.215,0.054,-0.042,-0.004
bengaluru_deccan,dwd_icon,full_dataset_all_splits,3579,0.23,0.056,-0.035,0.089
bengaluru_deccan,equal_blend,full_dataset_all_splits,3579,0.192,0.052,-0.02,0.293
bengaluru_deccan,static_inverse_rmse_blend,full_dataset_all_splits,3579,0.19,0.053,-0.016,0.316
bengaluru_deccan,varuna_adaptive,full_dataset_all_splits,3579,0.193,0.047,-0.034,0.307
delhi_ncr,ecmwf_ifs,full_dataset_all_splits,3579,2.015,0.394,-0.149,0.275
delhi_ncr,ecmwf_aifs,full_dataset_all_splits,3579,1.87,0.436,0.002,0.471
delhi_ncr,ncep_gfs,full_dataset_all_splits,3579,2.013,0.348,-0.259,0.296
delhi_ncr,dwd_icon,full_dataset_all_splits,3579,2.314,0.487,-0.072,0.112
delhi_ncr,equal_blend,full_dataset_all_splits,3579,1.952,0.381,-0.119,0.386
delhi_ncr,static_inverse_rmse_blend,full_dataset_all_splits,3579,1.938,0.386,-0.104,0.412
delhi_ncr,varuna_adaptive,full_dataset_all_splits,3579,1.92,0.318,-0.218,0.498
mumbai_coastal,ecmwf_ifs,full_dataset_all_splits,3579,3.119,0.931,-0.538,0.718
mumbai_coastal,ecmwf_aifs,full_dataset_all_splits,3579,2.978,0.828,-0.451,0.758
mumbai_coastal,ncep_gfs,full_dataset_all_splits,3579,3.975,1.106,-0.54,0.468
mumbai_coastal,dwd_icon,full_dataset_all_splits,3579,3.548,1.075,-0.777,0.547
mumbai_coastal,equal_blend,full_dataset_all_splits,3579,3.11,0.892,-0.576,0.715
mumbai_coastal,static_inverse_rmse_blend,full_dataset_all_splits,3579,3.07,0.873,-0.561,0.743
mumbai_coastal,varuna_adaptive,full_dataset_all_splits,3579,2.981,0.818,-0.592,0.772
odisha_coast,ecmwf_ifs,full_dataset_all_splits,3579,0.993,0.337,-0.05,0.416
odisha_coast,ecmwf_aifs,full_dataset_all_splits,3579,0.938,0.405,0.146,0.531
odisha_coast,ncep_gfs,full_dataset_all_splits,3579,1.068,0.356,-0.206,0.145
odisha_coast,dwd_icon,full_dataset_all_splits,3579,1.233,0.414,-0.035,0.241
odisha_coast,equal_blend,full_dataset_all_splits,3579,0.88,0.328,-0.036,0.502
odisha_coast,static_inverse_rmse_blend,full_dataset_all_splits,3579,0.866,0.331,-0.012,0.526
odisha_coast,varuna_adaptive,full_dataset_all_splits,3579,0.871,0.285,-0.121,0.531
rajasthan_thar,ecmwf_ifs,full_dataset_all_splits,3579,0.144,0.018,0.012,0.059
rajasthan_thar,ecmwf_aifs,full_dataset_all_splits,3579,0.097,0.036,0.033,0.192
rajasthan_thar,ncep_gfs,full_dataset_all_splits,3579,0.552,0.031,0.024,-0.001
rajasthan_thar,dwd_icon,full_dataset_all_splits,3579,0.211,0.032,0.026,0.039
rajasthan_thar,equal_blend,full_dataset_all_splits,3579,0.163,0.029,0.024,0.052
rajasthan_thar,static_inverse_rmse_blend,full_dataset_all_splits,3579,0.133,0.029,0.024,0.075
rajasthan_thar,varuna_adaptive,full_dataset_all_splits,3579,0.048,0.012,0.005,0.101
western_ghats,ecmwf_ifs,full_dataset_all_splits,3579,0.85,0.363,0.094,0.837
western_ghats,ecmwf_aifs,full_dataset_all_splits,3579,0.663,0.288,0.146,0.909
western_ghats,ncep_gfs,full_dataset_all_splits,3579,1.487,0.525,-0.085,0.632
western_ghats,dwd_icon,full_dataset_all_splits,3579,1.331,0.492,-0.131,0.658
western_ghats,equal_blend,full_dataset_all_splits,3579,0.786,0.292,0.006,0.851
western_ghats,static_inverse_rmse_blend,full_dataset_all_splits,3579,0.731,0.279,0.031,0.87
western_ghats,varuna_adaptive,full_dataset_all_splits,3579,0.592,0.231,-0.037,0.906
