lead_time_hours,system,scope,n,rmse,mae,bias,pearson_r
24,ecmwf_ifs,full_dataset_all_splits,5154,1.546,0.334,-0.081,0.688
24,ecmwf_aifs,full_dataset_all_splits,5154,1.474,0.327,-0.033,0.726
24,ncep_gfs,full_dataset_all_splits,5154,2.479,0.444,-0.05,0.512
24,dwd_icon,full_dataset_all_splits,5154,1.85,0.425,-0.184,0.479
24,equal_blend,full_dataset_all_splits,5154,1.519,0.32,-0.087,0.694
24,static_inverse_rmse_blend,full_dataset_all_splits,5154,1.487,0.312,-0.081,0.718
24,varuna_adaptive,full_dataset_all_splits,5154,1.42,0.275,-0.141,0.772
48,ecmwf_ifs,full_dataset_all_splits,5154,1.653,0.364,-0.131,0.636
48,ecmwf_aifs,full_dataset_all_splits,5154,1.504,0.338,-0.037,0.725
48,ncep_gfs,full_dataset_all_splits,5154,1.74,0.395,-0.199,0.566
48,dwd_icon,full_dataset_all_splits,5154,1.861,0.419,-0.237,0.474
48,equal_blend,full_dataset_all_splits,5154,1.601,0.331,-0.151,0.695
48,static_inverse_rmse_blend,full_dataset_all_splits,5154,1.585,0.328,-0.135,0.706
48,varuna_adaptive,full_dataset_all_splits,5154,1.553,0.292,-0.188,0.729
72,ecmwf_ifs,full_dataset_all_splits,5616,1.549,0.327,-0.104,0.648
72,ecmwf_aifs,full_dataset_all_splits,5616,1.47,0.332,-0.002,0.692
72,ncep_gfs,full_dataset_all_splits,5616,1.753,0.386,-0.161,0.539
72,dwd_icon,full_dataset_all_splits,5616,1.974,0.445,-0.119,0.41
72,equal_blend,full_dataset_all_splits,5616,1.512,0.326,-0.096,0.673
72,static_inverse_rmse_blend,full_dataset_all_splits,5616,1.493,0.321,-0.085,0.688
72,varuna_adaptive,full_dataset_all_splits,5616,1.397,0.266,-0.148,0.754
120,ecmwf_ifs,full_dataset_all_splits,5550,1.689,0.383,-0.105,0.553
120,ecmwf_aifs,full_dataset_all_splits,5550,1.595,0.366,-0.015,0.622
120,ncep_gfs,full_dataset_all_splits,5550,1.888,0.391,-0.321,0.428
120,dwd_icon,full_dataset_all_splits,5550,1.849,0.415,-0.15,0.432
120,equal_blend,full_dataset_all_splits,5550,1.672,0.338,-0.148,0.6
120,static_inverse_rmse_blend,full_dataset_all_splits,5550,1.648,0.339,-0.125,0.612
120,varuna_adaptive,full_dataset_all_splits,5550,1.661,0.309,-0.187,0.621
